"Kodak Portra 400 Color Negative Film ISO 400, 135-36 Exposure, 5-Pack",Kodak,,https://www.adorama.com/images/product/KKP40036PP.jpg,242272,KKP40036PP
"KODAK Kodacolor Gold 200 35mm Color Negative Roll Film,200ISO,36Exposure,10-Pack",Kodak,,https://www.adorama.com/images/product/KKGB36U10.jpg,242272,KKGB36U10
"KODAK Gold 200 Color Negative Film, 120 Roll Film, 5-Pack",Kodak,,https://www.adorama.com/images/product/KKGB120P.jpg,242272,KKGB120P
"Kodak Ektar 100 Color Negative Film, 35mm Roll Film, 36 Exposures",Kodak,,https://www.adorama.com/images/product/KKEK10036U.jpg,242272,KKEK10036U
"Kodak Portra 400 Color Negative Film, 120 Roll Film, 5-Pack, USA",Kodak,,https://www.adorama.com/images/product/KKP400120P.jpg,242272,KKP400120P
"Kodak 1451855 Portra 800 Negative Film 35mm, 36 Exp",Kodak,,https://www.adorama.com/images/product/KKP80036U.jpg,242272,KKP80036U
Kodak 8314098 Professional Ektar Negative Film 120,Kodak,,https://www.adorama.com/images/product/KK100PE1205U.jpg,242272,KK100PE1205U
"Fujifilm 35mm Color Negative Roll Film, 200 ISO, 36 Exposures, 3-Pack",Fujifilm,,https://www.adorama.com/images/product/FJCF200363P.jpg,242272,FJCF200363P
"KODAK Kodacolor Gold 200 35mm Color Negative Roll Film, 5-Pack with Shoulder Bag",Kodak,,https://www.adorama.com/images/product/KKGB36UB.jpg,242272,KKGB36UB
"KODAK Kodacolor Ultra Max 400 GC Color Negative Film ISO 400, 35mm Size, 24 Exp",Kodak,,https://www.adorama.com/images/product/KKGC24UM.jpg,242272,KKGC24UM
"KODAK Kodacolor Gold 200 35mm Color Negative Roll Film, 200 ISO, 36 Exposure",Kodak,,https://www.adorama.com/images/product/KKGB36U.JPG,242272,KKGB36U
"Harman Phoenix 200 35mm Color Negative Roll Film, 200 ISO, 36 Exposures",Harman,,https://www.adorama.com/images/product/IL20035MM.jpg,242272,IL20035MM
"Kodak 1884576 E100G Color Slide Film, 35mm Size 36 Exp",Kodak,,https://www.adorama.com/images/product/KKE100G36U.jpg,242272,KKE100G36U
"Kodak Color Plus 200 35mm Color Negative Film, 36 Exposure",Kodak,,https://www.adorama.com/images/product/KKCP20036.jpg,242272,KKCP20036
"Kodak Portra 160 Color Negative Film, 35mm, Pack of 5",Kodak,,https://www.adorama.com/images/product/KKP16036PP.jpg,242272,KKP16036PP
"KODAK Kodacolor Gold 200 35mm Color Negative Roll Film,200 ISO,36Exposure,5-Pack",Kodak,,https://www.adorama.com/images/product/KKGB36U5.jpg,242272,KKGB36U5
"KODAK Kodacolor Ultra Max 400 GC Color Negative Film ISO 400, 24 Exp, 3-Pack",Kodak,,https://www.adorama.com/images/product/KKGC24UM3.jpg,242272,KKGC24UM3
"Kodak Kodacolor Gold 200 Color Negative Film, ISO 200, 36 Exposure, 3-Pack",Kodak,,https://www.adorama.com/images/product/KKGB36U3.jpg,242272,KKGB36U3
"CineStill Xpro C-41 800Tungsten 35mm Color Negative Film, 36 Exposures",CineStill,,https://www.adorama.com/images/product/CS800135.jpg,242272,CS800135
"KODAK Kodacolor Ultra Max 400 GC Color Negative Film ISO 400, 35mm, 36 Exp",Kodak,,https://www.adorama.com/images/product/KKGC36UM.jpg,242272,KKGC36UM
Kodak 5x Ektar 100 Color Negative Film 35mm 36 With 5x Kodak Tri-X Pan 400,Kodak,,https://www.adorama.com/images/product/KKEK10036U5A.JPG,242272,KKEK10036U5A
"Fujifilm 35mm Color Negative Roll Film, 400 ISO, 36 Exposures",Fujifilm,,https://www.adorama.com/images/product/FJCF40036.jpg,242272,FJCF40036
Kodak 1884576 E100G Color Slide Film 35mm Size 36 Exp W/Fujifilm 35mm Slide Mail,Kodak,,https://www.adorama.com/images/product/KKE100G36UA.JPG,242272,KKE100G36UA
"Kodak Portra 160 Color Negative Film, Size120,5 Pack",Kodak,,https://www.adorama.com/images/product/KKP160120P.jpg,242272,KKP160120P
"Lomography 3 Pack of Color Negative 35mm Film, 400 ASA",Lomography,,https://www.adorama.com/images/product/CZLF400363.jpg,242272,CZLF400363
