"Kodak Portra 400 Color Negative Film ISO 400, 135-36 Exposure, 5-Pack",Kodak,,https://www.adorama.com/images/product/KKP40036PP.jpg,242272,KKP40036PP
"Kodak Ektar 100 Color 35mm Negative Roll Film, 5-Pack, with Camera Bag",Kodak,,https://www.adorama.com/images/product/KKEK10036UK.jpg,242272,KKEK10036UK
"KODAK Gold 200 Color Negative Film, 120 Roll Film, 5-Pack",Kodak,,https://www.adorama.com/images/product/KKGB120P.jpg,242272,KKGB120P
"KODAK Kodacolor Ultra Max 400 GC Color Negative Film, 35mm Size, 36 Exp, 3-Pack",Kodak,,https://www.adorama.com/images/product/KKGC36UM3.jpg,242272,KKGC36UM3
"KODAK Kodacolor Gold 200 35mm Color Negative Roll Film,200ISO,36Exposure,10-Pack",Kodak,,https://www.adorama.com/images/product/KKGB36U10.jpg,242272,KKGB36U10
"Kodak Ektar 100 Color Negative Film, 35mm Roll Film, 36 Exposures",Kodak,,https://www.adorama.com/images/product/KKEK10036U.JPG,242272,KKEK10036U
"Kodak Portra 400 Color Negative Film, 120 Roll Film, 5-Pack, USA",Kodak,,https://www.adorama.com/images/product/KKP400120P.jpg,242272,KKP400120P
"Fujifilm 35mm Color Negative Roll Film, 400 ISO, 36 Exposures, 3-Pack",Fujifilm,,https://www.adorama.com/images/product/FJCF400363P.jpg,242272,FJCF400363P
"Kodak 1451855 Portra 800 Negative Film 35mm, 36 Exp",Kodak,,https://www.adorama.com/images/product/KKP80036U.jpg,242272,KKP80036U
"KODAK Kodacolor Gold 200 35mm Color Negative Roll Film, 5-Pack with Shoulder Bag",Kodak,,https://www.adorama.com/images/product/KKGB36UB.jpg,242272,KKGB36UB
"Fujifilm 35mm Color Negative Roll Film, 200 ISO, 36 Exposures, 3-Pack",Fujifilm,,https://www.adorama.com/images/product/FJCF200363P.jpg,242272,FJCF200363P
"KODAK Kodacolor Gold 200 35mm Color Negative Roll Film, 200 ISO, 36 Exposure",Kodak,,https://www.adorama.com/images/product/KKGB36U.JPG,242272,KKGB36U
Kodak 8314098 Professional Ektar Negative Film 120,Kodak,,https://www.adorama.com/images/product/KK100PE1205U.jpg,242272,KK100PE1205U
"Harman Phoenix 200 35mm Color Negative Roll Film, 200 ISO, 36 Exposures",Harman,,https://www.adorama.com/images/product/IL20035MM.jpg,242272,IL20035MM
"CineStill Xpro C-41 800Tungsten 35mm Color Negative Roll Film, 5-Pack, with Bag",CineStill,,https://www.adorama.com/images/product/CS800135K.jpg,242272,CS800135K
"Kodak Portra 160 Color Negative Film, 35mm, Pack of 5",Kodak,,https://www.adorama.com/images/product/KKP16036PP.jpg,242272,KKP16036PP
"Kodak Color Plus 200 35mm Color Negative Film, 36 Exposure",Kodak,,https://www.adorama.com/images/product/KKCP20036.jpg,242272,KKCP20036
"KODAK Kodacolor Gold 200 35mm Color Negative Roll Film,200 ISO,36Exposure,5-Pack",Kodak,,https://www.adorama.com/images/product/KKGB36U5.jpg,242272,KKGB36U5
"KODAK Kodacolor Ultra Max 400 GC Color Negative Film ISO 400, 35mm, 36 Exp",Kodak,,https://www.adorama.com/images/product/KKGC36UM.jpg,242272,KKGC36UM
"KODAK Kodacolor Ultra Max 400 GC Color Negative Film ISO 400, 35mm Size, 24 Exp",Kodak,,https://www.adorama.com/images/product/KKGC24UM.jpg,242272,KKGC24UM
"KODAK Kodacolor Ultra Max 400 GC Color Negative Film ISO 400, 24 Exp, 3-Pack",Kodak,,https://www.adorama.com/images/product/KKGC24UM3.jpg,242272,KKGC24UM3
Kodak 5x Ektar 100 Color Negative Film 35mm 36 With 5x Kodak Tri-X Pan 400,Kodak,,https://www.adorama.com/images/product/KKEK10036U5A.JPG,242272,KKEK10036U5A
"CineStill Xpro C-41 800Tungsten 35mm Color Negative Film, 36 Exposures",CineStill,,https://www.adorama.com/images/product/CS800135.jpg,242272,CS800135
"Kodak Portra 160 Color Negative Film, Size120,5 Pack",Kodak,,https://www.adorama.com/images/product/KKP160120P.jpg,242272,KKP160120P
"Kodak Kodacolor Gold 200 Color Negative Film, ISO 200, 36 Exposure, 3-Pack",Kodak,,https://www.adorama.com/images/product/KKGB36U3.jpg,242272,KKGB36U3
